a,b,c,d
F09,-,-,-
G01,-,-,-
H06,-,-,-
B10,-,-,-
H09,-,-,-
C03,-,-,-
D01,-,-,-
C02,30  33,QA,WS
D05,41  53,PQ,GP
E02,62  71,SK,RV
A12,62  71,SK,RQ
B07,57  62,DS,HI
F04,22,V,C
A10,24,N,C
A06,25,K,F
G09,26,F,K
H08,26,F,L
H12,30,Q,D
B01,30,Q,E
G03,30,Q,G
B03,30,Q,I
E05,30,Q,I
E01,30,Q,K
A01,30,Q,L
A08,30,Q,P
E08,30,Q,T
D11,30,Q,Y
G04,32,N,C
F06,32,N,P
A02,34,F,Y
E07,35,Y,H
H11,35,Y,T
F11,36,E,K
H05,38,L,A
F12,38,L,R
C08,39,H,F
H03,39,H,G
F08,39,H,L
H01,39,H,L
A11,39,H,M
E09,39,H,M
C07,39,H,P
H07,39,H,P
C11,39,H,S
D02,39,H,S
G08,39,H,S
G11,39,H,S
H10,39,H,S
